"Partner","Original number of samples","No. samples post-QC","No. confident samples","Percentage of confident samples"
"SHAP",186,183,179,96.2365591397849
"SNST",587,571,554,94.3781942078365
"YARN",836,777,764,91.3875598086124
"NENM",1273,1151,1146,90.0235663786331
"PBRI",867,805,764,88.1199538638985
"FACE",2230,1999,1891,84.7982062780269
"CAMP",1721,1569,1454,84.485764090645
"WWTS",920,859,755,82.0652173913043
